[
  {
    "nome": "Carrinho de Controle Remoto",
    "descricao": "Carrinho elétrico com controle remoto.",
    "preco": 149.90,
    "imagem": "imagens/carrinho.jpg"
  },
  {
    "nome": "Boneca Fashion",
    "descricao": "Boneca com roupas trocáveis e acessórios.",
    "preco": 89.90,
    "imagem": "imagens/boneca.jpg"
  },
  {
    "nome": "Quebra-Cabeça 500 Peças",
    "descricao": "Desafie sua mente com este quebra-cabeça.",
    "preco": 39.90,
    "imagem": "imagens/quebra_cabeca.jpg"
  }
]